-- TABLE brand
INSERT INTO brand(brand_name) VALUES ('Starbucks');
INSERT INTO brand(brand_name) VALUES ('Teavana');
INSERT INTO brand(brand_name) VALUES ('Starb_shop');

-- TABLE country
INSERT INTO COUNTRY(COUNTRY_NAME) VALUES ('UK');
INSERT INTO COUNTRY(COUNTRY_NAME) VALUES ('USA');
INSERT INTO COUNTRY(COUNTRY_NAME) VALUES ('UA');

-- TABLE city
INSERT INTO CITY(CITY_NAME,COUNTRY_NAME) VALUES ('london','UK');
INSERT INTO CITY(CITY_NAME,COUNTRY_NAME) VALUES ('LA','USA');
INSERT INTO CITY(CITY_NAME,COUNTRY_NAME) VALUES ('Lviv','UA');

-- TABLE ownerships
INSERT INTO OWNERSHIP(OWNER_SHIP) VALUES ('Licensed');
INSERT INTO OWNERSHIP(OWNER_SHIP) VALUES ('Joint Venture');
INSERT INTO OWNERSHIP(OWNER_SHIP) VALUES ('Company Owned');
--TABLE Store

INSERT INTO STORES(STORE_NUMBER,BRAND_NAME,OWNERSHIP_SHIP,STORE_NAME,CITY_NAME)
VALUES ('47370-257954','Starbucks','Licensed','Dana Mall','london');
INSERT INTO STORES(STORE_NUMBER,BRAND_NAME,OWNERSHIP_SHIP,STORE_NAME,CITY_NAME)
VALUES ('22331-212325','Teavana','Joint Venture','Nation Towers','LA');
INSERT INTO STORES(STORE_NUMBER,BRAND_NAME,OWNERSHIP_SHIP,STORE_NAME,CITY_NAME)
VALUES ('22331-212326','Starb_shop','Company Owned','Internation Tower','Lviv');

--TABLE people
INSERT INTO people(PEOPLE_NAME) VALUES ('Sofi');
INSERT INTO people(PEOPLE_NAME) VALUES ('Nik');
INSERT INTO people(PEOPLE_NAME) VALUES ('Vova');

--TABLE VISITS
INSERT INTO VISITS(STORE_NUMBER,PEOPLE_NAME,time_of_visit) VALUES ('47370-257954','Vova',DATE'1912-10-25');
INSERT INTO VISITS(STORE_NUMBER,PEOPLE_NAME,time_of_visit) VALUES ('22331-212325','Nik',DATE'2020-01-11');
INSERT INTO VISITS(STORE_NUMBER,PEOPLE_NAME,time_of_visit) VALUES ('22331-212325','Sofi',DATE'2020-01-21');

